plus.google.com,97,5,23,0,1,0,3/1/2017
liveinternet.ru,94,48,3,0,3,0,2/7/2018
feedburner.com,93,107,41,0.01,0,0,2/27/2017
bing.com,93,109,5,0,0,0,3/4/2017
zh.wikipedia.org,91,619,3,0,0,0,2/28/2017
giphy.com,90,675,1,0,0,0,8/17/2017
boston.com,90,1121,1,0,1,0,3/4/2017
angelfire.com,90,1220,2,0,0,0,3/14/2018
gigaom.com,89,1646,1,0,0,0,3/13/2018
baltimoresun.com,87,2296,1,0,0,0,2/2/2018
visual.ly,86,3205,26,0,10,0,3/3/2017
forumactif.com,83,5682,2,0,0,0,11/11/2017
steemit.com,83,6766,1,0,0,0,10/17/2017
aol.co.uk,81,8653,9,0,9,0,2/8/2018
jigsy.com,81,9408,2,0,0,0,3/7/2018
appadvice.com,81,10234,4,0,0,0,2/27/2017
bravesites.com,80,11018,1,0,0,0,3/2/2018
theodysseyonline.com,79,14813,1,0,1,0,2/2/2018
alltop.com,79,14855,1,0,0,0,3/6/2018
thewirecutter.com,79,15361,1,0,0,0,11/21/2017
infospace.com,78,15646,1,0,0,0,5/26/2017
linkmarket.net,78,15895,6,0,6,0,3/4/2017
linkarena.com,78,16410,9,0,0,0,9/2/2017
appbrain.com,77,19556,3,0,0,0,3/1/2017
apsense.com,77,20725,55,0.01,7,0,2/27/2017
manrepeller.com,77,20965,3,0,0,0,3/1/2017
ilmattino.it,77,21565,2,0,2,0,3/3/2018
kiwibox.com,77,21781,2,0,2,0,2/27/2017
bulletjournal.com,77,22818,4,0,0,0,2/21/2018
uploadvr.com,77,23043,1,0,0,0,3/28/2018
thesartorialist.com,76,26764,1,0,0,0,4/1/2018
nerdfitness.com,76,26900,2,0,0,0,3/26/2018
web-strategist.com,76,27606,2,0,0,0,9/2/2017
stuckincustoms.com,75,29168,1,0,0,0,3/29/2018
joythebaker.com,75,30190,2,0,0,0,2/26/2018
ain.ua,75,33087,1,0,0,0,3/5/2017
boundless.com,74,43267,2,0,0,0,8/22/2017
willgoto.com,74,44605,1,0,1,0,3/5/2017
justluxe.com,73,46266,2,0,0,0,3/4/2017
feedage.com,73,49498,37,0.01,0,0,3/2/2017
bobrdobr.ru,73,51498,5,0,0,0,3/3/2017
becomegorgeous.com,72,55675,2,0,2,0,12/28/2017
travbuddy.com,72,61774,4,0,0,0,12/24/2017
onmogul.com,72,64117,1,0,0,0,2/4/2018
honestlywtf.com,72,66877,1,0,0,0,3/29/2018
statravel.com,71,69355,1,0,0,0,3/28/2018
blogigo.com,71,70455,6,0,0,0,3/6/2017
thechalkboardmag.com,71,74175,2,0,0,0,2/20/2018
hunter.io,71,78004,40,0.01,0,0,10/1/2017
visualistan.com,71,80431,10,0,2,0,3/17/2018
arenacampus.nl,70,88889,1,0,1,0,3/3/2017
shankman.com,70,94049,1,0,0,0,5/2/2017
tmonews.com,70,99811,2,0,0,0,10/28/2017
theplanetd.com,70,106759,6,0,0,0,2/28/2017
prlog.ru,69,108233,159,0.02,0,0,3/6/2017
keywordsuggest.org,68,119189,33,0,0,0,6/9/2017
appagg.com,68,122208,1,0,0,0,3/30/2018
migrationology.com,68,126159,1,0,1,0,3/11/2018
elblogsalmon.com,67,130217,5,0,5,0,8/2/2017
aol.ca,67,133045,12,0,12,0,2/26/2018
cupcakeproject.com,67,135923,1,0,0,0,3/3/2018
holeinthedonut.com,67,136936,1,0,0,0,3/24/2018
seoprofy.ua,66,140649,2,0,0,0,3/5/2017
lerablog.org,66,143706,3,0,1,0,2/27/2017
everywhereist.com,66,147979,2,0,0,0,8/7/2017
bucketlistly.com,66,151672,5,0,0,0,3/1/2017
dessertfortwo.com,65,156072,1,0,0,0,9/16/2017
apptractor.ru,65,156671,1,0,0,0,3/2/2017
advanced.style,65,158793,1,0,0,0,10/2/2017
morefunz.com,65,165198,2,0,1,0,2/26/2017
autorentalnews.com,64,175013,2,0,2,0,11/20/2017
prurgent.com,64,182979,2,0,0,0,6/18/2017
similarsites.com,63,184986,13,0,0,0,11/1/2017
camelsandchocolate.com,63,186341,2,0,0,0,8/10/2017
saipantribune.com,63,187879,2,0,0,0,3/2/2017
weandthecolor.com,63,194157,1,0,0,0,1/20/2018
mexiconewsdaily.com,62,203067,1,0,0,0,9/27/2017
traveldudes.org,62,210995,8,0,0,0,3/5/2017
worldofwanderlust.com,62,211201,1,0,0,0,6/28/2017
fly.com,62,211398,1,0,0,0,4/2/2018
cakespy.com,61,224370,2,0,2,0,2/15/2018
ahouseinthehills.com,61,228845,2,0,0,0,3/28/2018
bakespace.com,61,230735,1,0,0,0,1/22/2018
wonderfulwanderings.com,61,239850,3,0,0,0,12/15/2017
madena.net,60,243987,5,0,5,0,5/24/2017
picstopin.com,60,248526,2,0,2,0,3/1/2017
thepoortraveler.net,60,250227,1,0,0,0,2/28/2017
chrisblattman.com,60,259812,3,0,0,0,10/23/2017
theseasonedmom.com,59,267068,1,0,0,0,3/28/2018
ticsyformacion.com,59,276370,1,0,1,0,12/1/2017
girlvsglobe.com,59,284614,5,0,0,0,8/15/2017
honeytrek.com,58,290143,1,0,0,0,3/29/2018
wesrch.com,58,299345,12,0,0,0,7/29/2017
seaofshoes.com,58,300220,1,0,0,0,3/31/2018
theanswerbank.co.uk,58,309867,2,0,0,0,9/21/2017
graphs.net,58,314312,2,0,0,0,8/26/2017
trippy.com,57,318694,183,0.03,0,0,2/26/2017
fashionmenow.co.uk,57,319639,2,0,0,0,9/2/2017
natalieoffduty.com,57,327087,1,0,0,0,3/27/2018
travefy.com,57,342457,5,0,5,0,7/8/2017
contentedtraveller.com,56,348698,2,0,0,0,1/26/2018
canacopegdl.com,56,351414,3,0,3,0,4/1/2018
johnthornhill.com,56,353900,1,0,1,0,2/15/2018
mappingmegan.com,56,355623,3,0,0,0,8/29/2017
laraferroni.com,56,365716,3,0,0,0,3/18/2018
publicwww.com,56,369661,4,0,0,0,3/25/2018
spanish-fiestas.com,56,380209,1,0,0,0,2/26/2017
globalgrasshopper.com,56,381210,1,0,0,0,11/19/2017
hararonline.com,55,395096,2,0,2,0,3/26/2018
tripntale.com,54,431472,6,0,6,0,3/2/2017
pinsdaddy.com,54,434216,13,0,13,0,5/26/2017
noteatingoutinny.com,54,435630,4,0,0,0,2/19/2018
linkmarket.com,54,458694,6,0,6,0,3/4/2017
smahu.com,54,459063,2,0,2,0,7/14/2017
heatheronhertravels.com,54,461972,1,0,0,0,2/20/2018
maidbrigade.com,54,463054,1,0,0,0,9/10/2017
top10weddingvendors.com,54,463270,1,0,0,0,9/30/2017
nrpg.info,54,469461,14,0,14,0,11/16/2017
bittersweetblog.com,53,474453,1,0,0,0,3/27/2018
bridebox.com,53,478671,1,0,1,0,2/27/2017
youramazingplaces.com,53,480030,12,0,0,0,3/4/2017
careergirldaily.com,53,501945,1,0,0,0,3/6/2018
adaymag.com,53,502330,1,0,1,0,3/4/2017
nomadicnotes.com,53,507565,1,0,0,0,11/20/2017
thegatewayonline.ca,53,533072,20,0,0,0,2/26/2017
antranik.org,52,543471,2,0,0,0,12/15/2017
ficly.com,52,566930,4,0,4,0,3/2/2017
scoopempire.com,52,570226,1,0,1,0,2/4/2018
lemonstripes.com,52,571531,1,0,0,0,5/24/2017
luggageandlipstick.com,52,573377,1,0,0,0,10/26/2017
downshiftology.com,52,577473,1,0,0,0,6/15/2017
socalhiker.net,51,590090,9,0,0,0,7/11/2017
5inchandup.com,51,590904,1,0,0,0,12/3/2017
alive-directory.com,51,596483,143,0.02,143,0.03,3/1/2017
almostfearless.com,51,598380,3,0,0,0,9/22/2017
triphackr.com,51,601326,6,0,0,0,4/30/2017
sitelinks.info,51,614496,19,0,0,0,5/12/2017
01webdirectory.com,51,615814,7,0,7,0,8/5/2017
profnetconnect.com,51,623136,1,0,1,0,3/4/2017
maskcara.com,51,625512,1,0,0,0,3/26/2018
i2mag.com,50,643907,8,0,0,0,3/1/2017
tripatini.com,50,648681,28,0,0,0,2/26/2017
wondex.com,50,654344,2,0,0,0,3/3/2017
alfa-img.com,50,668424,6,0,6,0,3/3/2017
leeabbamonte.com,50,670737,4,0,0,0,2/3/2018
best-infographics.com,50,684348,1,0,1,0,10/20/2017
pinstake.com,50,692410,48,0.01,47,0.01,3/1/2017
back-packer.org,49,701564,2,0,0,0,3/23/2018
boweryboyshistory.com,49,706574,3,0,0,0,6/9/2017
keywordsuggests.com,49,710954,3,0,3,0,6/5/2017
atablefortwo.com.au,49,716209,2,0,0,0,8/29/2017
havebabywilltravel.com,49,725867,4,0,0,0,12/29/2017
tasteaway.pl,49,729914,1,0,0,0,12/10/2017
easyb.org,49,744367,4,0,4,0,1/27/2018
hapatime.com,49,750799,1,0,0,0,4/3/2018
hdimagelib.com,48,765122,5,0,5,0,2/26/2017
bruisedpassports.com,48,775276,2,0,0,0,7/31/2017
sippitysup.com,48,779942,1,0,0,0,4/3/2018
beantownbaker.com,48,784305,1,0,0,0,4/1/2018
thefoodinmybeard.com,48,789207,2076,0.3,0,0,3/27/2018
frosch.com,47,821925,2,0,0,0,10/15/2017
linksonline.nl,47,837776,2,0,2,0,6/11/2017
cookalmostanything.blogspot.com,46,874219,1,0,0,0,3/30/2018
bookmarkingpage.com,46,885945,5,0,5,0,3/11/2018
thinlyspread.co.uk,46,890351,2,0,0,0,3/5/2018
blogqpot.com,46,904802,1,0,1,0,7/29/2017
antidiary.com,46,929595,2,0,0,0,6/6/2017
grabyourfork.blogspot.com,45,967895,1,0,0,0,3/28/2018
rtwin30days.com,45,978325,4,0,0,0,7/15/2017
bakingobsession.com,45,980120,5,0,0,0,3/29/2018
brenherrera.com,45,988414,1,0,0,0,3/28/2018
justinpluslauren.com,45,995756,3,0,0,0,11/17/2017
susankmann.com,45,999316,3,0,0,0,10/13/2017
webnamelist.com,45,1002637,6,0,6,0,3/2/2017
foroes.net,45,1003014,720,0.1,720,0.13,3/27/2018
girlinflorence.com,45,1012768,1,0,0,0,3/30/2018
brokeassgourmet.com,44,1015818,1,0,0,0,4/1/2018
argophilia.com,44,1034085,1,0,0,0,3/2/2017
sn-desigz.com,44,1082950,3,0,3,0,6/22/2017
wanderlusters.com,43,1100873,1,0,0,0,3/26/2018
boxedup.com,43,1109919,5,0,0,0,5/9/2017
intently.co,43,1141771,1008,0.14,0,0,3/4/2017
aprilgolightly.com,43,1159786,2,0,0,0,12/11/2017
looktv.ro,43,1160797,1,0,0,0,2/26/2017
linkdirectory.com.ar,43,1166927,3,0,3,0,2/26/2017
maureencracknellhandmade.blogspot.com,43,1174990,2,0,0,0,3/19/2018
keyword-suggest-tool.com,42,1203718,4,0,0,0,5/28/2017
jouwportaal.nl,42,1222806,2,0,2,0,6/19/2017
bakeat350.net,42,1230940,1,0,0,0,3/11/2018
havesippywilltravel.com,42,1232127,7,0,5,0,3/1/2017
villapalmarcancun.com,42,1237830,1,0,0,0,9/10/2017
free-stock-illustration.com,42,1242842,4,0,4,0,2/28/2017
egascapital.com,42,1248902,2,0,2,0,4/1/2018
global-exchange.com,42,1255847,2,0,2,0,3/13/2018
briangreen.net,42,1257543,1,0,0,0,8/9/2017
nibbledish.com,42,1272106,2,0,0,0,3/19/2018
foodandstyle.com,42,1276876,2,0,0,0,3/30/2018
staceysnacksonline.com,41,1297478,1,0,0,0,4/2/2018
ecodir.net,41,1325520,73,0.01,73,0.01,2/28/2017
keywordhungry.com,41,1328217,14,0,14,0,10/18/2017
zoock.net,41,1336804,6,0,6,0,12/25/2017
lelalondon.com,41,1338307,1,0,0,0,4/3/2018
ontheluce.com,41,1368557,1,0,0,0,2/10/2018
sitegur.com,41,1374397,4,0,0,0,2/26/2017
romancingtheplanet.com,41,1382818,1,0,0,0,4/2/2018
infolinks.top,40,1411792,4,0,0,0,3/16/2018
acedirectory.org,40,1412173,285,0.04,285,0.05,3/1/2017
karolinapatryk.com,40,1414117,1,0,0,0,7/21/2017
carpe-travel.com,40,1416904,1,0,0,0,11/29/2017
whywaittoseetheworld.com,40,1423591,2,0,0,0,2/27/2017
seekyt.com,40,1433360,1,0,0,0,2/17/2018
picquery.com,40,1448104,10,0,10,0,11/28/2017
mytravelaffairs.com,40,1461995,1,0,0,0,10/21/2017
domainnamesseo.com,40,1462549,327,0.05,327,0.06,2/27/2017
keywordsking.com,40,1477137,17,0,17,0,3/4/2017
handtucher.net,40,1526753,1,0,1,0,1/15/2018
shesintheglow.com,40,1558747,2,0,0,0,10/13/2017
fourjandals.com,39,1578160,1,0,0,0,11/27/2017
teakdoor.com,39,1578413,1,0,0,0,2/27/2017
whennotesfly.com,39,1639148,4,0,4,0,2/28/2017
whatisdomain.net,38,1708732,2,0,0,0,8/9/2017
allyssabarnes.com,38,1713774,2,0,0,0,10/21/2017
worldreviewer.com,38,1720899,1,0,1,0,3/1/2017
walksofnewyork.com,38,1774407,1,0,0,0,2/17/2018
57883.net,38,1786855,2,0,2,0,3/1/2017
sidestreetstyle.com,38,1804843,2,0,0,0,3/19/2018
soultravelers3.com,37,1945667,1,0,0,0,4/3/2018
thewanderingwanderluster.com,37,1969387,1,0,0,0,3/3/2017
asoutherngypsy.com,37,1992103,1,0,0,0,11/8/2017
puertoportals.info,37,2008043,2,0,2,0,1/6/2018
rickzullo.com,36,2049825,1,0,0,0,2/18/2018
solvibrations.org,36,2057794,4,0,0,0,2/18/2018
abritandasoutherner.com,36,2079186,2,0,0,0,3/30/2018
girlslove2travel.com,36,2097879,2,0,0,0,7/20/2017
thekonsulthub.com,36,2136043,1,0,0,0,3/7/2018
justacoloradogal.com,36,2172453,1,0,0,0,7/13/2017
quotemaster.org,36,2191025,1,0,0,0,3/8/2018
valisemag.com,36,2192571,1,0,0,0,12/15/2017
wanderthemap.com,36,2205784,2,0,0,0,12/25/2017
work-club.com,36,2211528,1,0,1,0,4/1/2018
hikinglady.com,36,2214748,1,0,0,0,9/25/2017
spmmail.net,36,2220153,2,0,2,0,3/17/2018
chewswise.com,35,2226085,1,0,1,0,3/28/2018
searchcontact.net,35,2285145,2,0,2,0,5/15/2017
savoirthere.com,35,2292689,2,0,0,0,11/18/2017
driverlayer.com,35,2316632,13,0,13,0,9/10/2017
advodka.com,35,2347565,1,0,1,0,7/17/2017
cro.pl,35,2372197,2,0,0,0,9/21/2017
luxeat.com,35,2424466,2,0,0,0,12/19/2017
learningservice.info,34,2458559,1,0,0,0,1/31/2018
bookmarkcore.com,34,2491305,1,0,1,0,3/13/2018
beckywilloughby.blogspot.com,34,2514134,2,0,0,0,3/31/2018
theroamingrenegades.com,34,2551380,1,0,0,0,1/28/2018
carcabin.com,34,2556234,3,0,0,0,3/3/2017
keywordlister.com,34,2570644,12,0,12,0,9/1/2017
yaelp.com,34,2594733,4,0,0,0,3/3/2017
astrongcoffee.co.uk,34,2597001,1,0,0,0,3/27/2018
10directory.info,34,2597826,8,0,0,0,3/1/2017
searchdomainhere.com,34,2628772,157,0.02,157,0.03,2/26/2017
cyclopaedia.info,34,2637872,10,0,0,0,3/5/2017
infographicportal.com,34,2648093,1,0,0,0,3/4/2017
boostup.org,33,2683875,2,0,2,0,3/31/2018
eyeandpen.com,33,2690307,4,0,0,0,8/8/2017
vegancrunk.blogspot.com,33,2753998,1,0,0,0,3/28/2018
mahdi-news.com,33,2799331,3,0,3,0,3/23/2018
thatadventurer.co.uk,33,2823004,1,0,0,0,12/18/2017
unionofdirectories.com,33,2830906,11,0,0,0,2/26/2017
yourcarinsurancequotes.net,33,2834898,2,0,2,0,3/27/2018
theglobalcouple.com,32,2918604,1,0,1,0,7/27/2017
travelblat.com,32,3022350,2,0,2,0,3/11/2018
intercambioseo.com,32,3046493,10,0,4,0,3/4/2017
dailywaffle.co.uk,32,3078735,6,0,6,0,2/18/2018
wanderwithjo.com,32,3106746,2,0,0,0,3/15/2018
foodblogscool.blogspot.com,32,3155100,1,0,0,0,3/24/2018
nzbzd.com,31,3283417,2,0,2,0,10/3/2017
nbadd.net,31,3325977,6,0,6,0,3/5/2018
emproticos.org,31,3341582,46,0.01,46,0.01,3/5/2017
theweddingvowsg.com,31,3371071,2,0,2,0,12/16/2017
dgmanila.com,31,3396753,1,0,0,0,12/6/2017
theoverseasescape.com,31,3401082,1,0,0,0,9/17/2017
clothes-make-the-man.com,31,3415686,1,0,0,0,4/1/2018
beyondsalmon.com,31,3418421,1,0,0,0,3/9/2018
theworldandthensome.com,30,3482040,6,0,0,0,4/29/2017
chartermenow.com,30,3488950,1,0,1,0,3/3/2018
mytravelingjoys.com,30,3509148,1,0,0,0,4/2/2018
culturalxplorer.com,30,3533678,2,0,0,0,3/5/2017
wickedgoodtraveltips.com,30,3541389,4,0,4,0,3/4/2017
pixcooler.com,30,3606331,2,0,2,0,3/3/2017
fenixdirectory.info,30,3609151,6,0,0,0,3/3/2017
abroadeducation.com.np,30,3647330,1,0,0,0,2/7/2018
trulymadlykids.co.uk,30,3649779,1,0,0,0,10/13/2017
withourbest.com,30,3766408,2,0,0,0,2/26/2018
travelwriting2.com,29,3840083,2,0,0,0,3/20/2018
boxcanyonblog.blogspot.com,29,3842702,1,0,0,0,3/31/2018
travelboulevard.be,29,3858416,1,0,0,0,12/14/2017
thewanderinggourmand.com,29,3958649,1,0,0,0,8/26/2017
becomenomad.com,29,3982279,1,0,0,0,2/3/2018
theindustryofcool.com,29,3987464,7,0,7,0,1/31/2018
picturesandpancakes.blogspot.com,29,3990399,1,0,0,0,3/21/2018
lifeandexperiences.com,29,4013438,2,0,1,0,2/28/2017
amautonoleggio.it,29,4022707,1,0,0,0,7/3/2017
aweb4u.info,29,4039497,1,0,1,0,4/2/2018
emmakmurray.com,29,4071638,2,0,2,0,3/21/2018
saffo.info,29,4088954,2,0,2,0,2/26/2017
notifyninja.com,29,4117685,1,0,1,0,3/21/2018
mediafiredirectlink.com,28,4249552,12,0,12,0,2/26/2017
meetat-thebarre.com,28,4264947,1,0,0,0,3/30/2018
theletmeeatcake.com,28,4283305,1,0,0,0,3/31/2018
leisureandme.com,28,4284629,2,0,2,0,4/3/2018
alessiobax.blogspot.com,28,4373621,3,0,0,0,3/6/2018
delightfulblogs.com,28,4463073,2,0,2,0,3/26/2018
curious-notions.net,28,4500605,2,0,0,0,2/2/2018
addgoodsites.com,27,4677178,1036,0.15,1036,0.19,3/2/2017
alosleones.com,27,4703445,11,0,0,0,3/9/2018
alabouroflife.com,27,4736993,2,0,0,0,2/20/2018
all-notes.com,27,4741631,6,0,6,0,2/28/2017
aforkfulofspaghetti.blogspot.com,27,4780021,1,0,0,0,4/1/2018
theyolomoments.com,27,4802901,1,0,0,0,3/12/2018
thepinthemapproject.com,27,4923438,1,0,0,0,4/1/2018
vagabondfamily.org,27,4968666,1,0,0,0,3/6/2017
downtheroadwithsteveanddebbie.blogspot.com,27,4974155,1,0,0,0,3/5/2018
weekendcandy.com,27,5062256,1,0,0,0,3/9/2018
bmwcase.com,26,5163978,1,0,0,0,1/18/2018
foodieinternational.com,26,5217221,1,0,0,0,11/14/2017
altahaddi.net,26,5310272,3,0,0,0,8/29/2017
optimus5.com,26,5418106,2,0,2,0,3/4/2017
stickydate.blogspot.com,26,5434036,3,0,0,0,3/24/2018
chenmeicai.blogspot.com,26,5475280,1,0,0,0,3/26/2018
thepinsta.com,26,5523670,10,0,10,0,10/19/2017
bleachervision.blogspot.com,26,5605758,1,0,0,0,3/31/2018
floralsandcorals.com,26,5632811,2,0,0,0,3/3/2017
hdimagegallery.net,26,5632464,33,0,33,0.01,3/6/2017
ihlasfuar.com,26,5651768,1,0,1,0,2/9/2018
guessthiscity.com,26,5677074,4,0,4,0,2/26/2017
bestdirectory4you.com,26,5701302,3,0,3,0,3/6/2017
dishourtown.com,25,5814917,3,0,0,0,8/26/2017
elearning-tour.com,25,5832771,1,0,1,0,1/15/2018
journeyonearth.com,25,5936751,4,0,4,0,3/13/2018
gameforworld.com,25,5968078,4,0,4,0,1/21/2018
instalocate.com,25,5996435,3,0,0,0,3/20/2018
guide2travel.ca,25,5998707,1,0,1,0,1/9/2018
teaamonth.com,25,6079576,1,0,0,0,3/3/2017
overuc.com,25,6321680,1,0,1,0,12/29/2017
bellaeats.com,25,6332944,1,0,1,0,3/31/2018
minoritynomad.com,25,6415401,2,0,0,0,9/28/2017
trailofants.com,25,6442163,3,0,0,0,2/15/2018
travelonthebrain.net,25,6445124,2,0,0,0,1/15/2018
landofmarvels.com,24,6458878,2,0,0,0,1/14/2018
holidaystourtravel.com,24,6513470,2,0,0,0,3/3/2017
heroinetraining.com,24,6714166,2,0,0,0,12/31/2017
www027.net,24,6730867,5,0,5,0,3/6/2017
foodperestroika.com,24,6775246,1,0,0,0,8/25/2017
portoalities.com,24,6854687,2,0,0,0,6/19/2017
thelostavocado.com,23,6931520,1,0,0,0,10/4/2017
keyonsale.com,23,7094624,1,0,1,0,2/11/2018
gogopixlibrary.com,23,7152372,6,0,6,0,2/26/2017
valvigirl.net,23,7152025,7,0,7,0,2/18/2018
45.55.51.160,23,7162031,1,0,0,0,11/13/2017
familydir.com,23,7189697,6,0,6,0,3/5/2017
aroundthisworld.com,23,7194649,2,0,0,0,7/24/2017
effitimonholiday.com,23,7230076,8,0,0,0,1/30/2018
beegdirectory.com,22,7383330,130,0.02,130,0.02,6/13/2017
shadownetmc.com,22,7430203,3,0,3,0,11/18/2017
bg-best.info,22,7446046,6,0,6,0,2/28/2017
hosthotty.com,22,7495146,1,0,1,0,2/11/2018
airmax-zero.net,22,7501118,1,0,1,0,2/27/2018
marketingkonferenz.info,22,7535490,5,0,0,0,1/7/2018
poordirectory.com,22,7691345,161,0.02,264,0.05,3/2/2017
thaiblogs.info,22,7713390,4,0,4,0,11/15/2017
counterstrikesource.com,21,7757194,4,0,4,0,5/4/2017
abac.net,21,7828616,1,0,0,0,7/15/2017
populardirectory.org,21,7846806,2,0,2,0,3/2/2017
ppfinder.com,21,7930494,1,0,0,0,6/6/2017
afunnydir.com,21,7947618,25,0,25,0,3/1/2017
catchasinglethought.com,21,7958741,1,0,0,0,2/25/2018
bestbuydir.com,21,7973004,7,0,7,0,2/26/2017
listofdomains.org,21,7983172,10,0,10,0,3/4/2017
alphacardblog.com,21,8137844,5,0,5,0,3/25/2018
hikingphoto.com,20,8255668,1,0,0,0,8/13/2017
smallbusinessllm.com,20,8272919,3,0,3,0,11/24/2017
addirectory.org,20,8354681,240,0.03,240,0.04,6/14/2017
runningvacation.net,20,8390297,2,0,2,0,1/28/2018
rittenhousejournal.org,20,8396625,4,0,4,0,3/27/2018
sublimedir.net,20,8424886,2,0,2,0,3/4/2017
booknerds.net,20,8475399,4,0,0,0,2/6/2018
bing-directory.com,20,8769622,109,0.02,109,0.02,3/5/2017
portlandhousehunters.com,20,8812014,3,0,3,0,3/2/2017
makeitmagic.net,19,8941911,2,0,2,0,9/3/2017
lcimag.com,19,8952582,2,0,2,0,3/4/2017
ask-directory.com,19,8989644,62,0.01,62,0.01,3/4/2017
projectced.org,19,9052603,12,0,12,0,11/10/2017
tammyandchrisonthemove.com,19,9087311,1,0,0,0,7/31/2017
sitedownrightnow.com,19,9117283,2,0,0,0,12/2/2017
andrealopezv.com,19,9131828,5,0,5,0,11/13/2017
upsdirectory.com,19,9185652,16,0,16,0,3/1/2017
mywanderlustylife.com,19,9279760,1,0,0,0,3/10/2018
bdwiki.com,19,9362163,5,0,0,0,8/12/2017
wanderlust15.com,19,9375355,15,0,0,0,6/27/2017
losethemap.com,18,9451590,1,0,0,0,2/20/2018
continenthop.com,18,9663877,1,0,0,0,2/22/2018
adbritedirectory.com,18,9680376,45,0.01,55,0.01,2/26/2017
open-web.info,18,9683477,12,0,0,0,11/20/2017
icontemplate.com,18,9831335,2,0,2,0,2/26/2017
velabas.com,17,10042459,2,0,0,0,10/16/2017
thediscoveryblog.com,17,10072039,13,0,13,0,2/28/2017
ourodyssey.blogspot.com,17,10162003,2,0,0,0,9/8/2017
hotdirectory.net,17,10163531,32,0,32,0.01,3/4/2017
topinfographic.com,17,10170062,12,0,0,0,3/5/2017
zgzhongyi.com,17,10202201,4,0,4,0,11/30/2017
chasingtravel.com,17,10207656,1,0,0,0,2/18/2018
ajura.com,17,10250961,1,0,0,0,6/11/2017
fourseasonsexperience.com,17,10287677,1,0,1,0,3/30/2018
businessmodulehub.com,17,10319696,1,0,1,0,1/2/2018
huludirectory.com,17,10396070,49,0.01,52,0.01,2/26/2017
aquarius-dir.com,17,10423050,100,0.01,100,0.02,3/1/2017
tipsographic.com,17,10580856,28,0,0,0,7/22/2017
deliciouslydirectionless.com,16,10642860,1,0,0,0,9/3/2017
wapz.net,16,10661296,1,0,1,0,3/29/2018
militaryingermany.com,16,10670647,1,0,0,0,3/3/2017
essayhelp24.com,16,10874675,1,0,0,0,4/3/2018
travelchameleon.net,16,10972015,4,0,0,0,7/18/2017
rebuildingtogethernb.org,16,11061191,1,0,1,0,2/4/2018
123coolpictures.com,16,11167037,3,0,3,0,3/5/2017
clicksordirectory.com,15,11250609,12,0,12,0,6/13/2017
advancedseodirectory.com,15,11262728,6,0,6,0,3/5/2017
deborah-lawrenson.blogspot.com,15,11319620,1,0,0,0,4/1/2018
vidapaper.com,15,11417839,4,0,0,0,2/27/2017
breathewithus.com,15,11420861,1,0,0,0,8/22/2017
sivanaskayoblog.com,15,11443993,1,0,0,0,2/15/2018
berkut-travel.com,15,11530632,1,0,1,0,3/4/2017
previously-on.com,15,11652463,1,0,1,0,3/26/2018
simfo.com.ua,15,11675625,653,0.09,653,0.12,2/28/2017
physicsinventions.com,15,11680001,1,0,1,0,5/4/2017
thepinkpeppercorn.blogspot.com,15,11834816,1,0,0,0,3/19/2018
golberz.com,15,11849435,2,0,2,0,3/28/2018
alivelink.org,15,11936981,13,0,13,0,3/1/2017
boomerangfoundation.org,14,11991183,4,0,4,0,2/16/2018
ayoetex.com,14,12003720,169,0.02,0,0,3/4/2017
onlinepharmacyusa.us,14,12021730,2,0,2,0,12/15/2017
cotiinc.com,14,12042947,46,0.01,0,0,3/1/2017
smallcrazy.com,14,12073326,1,0,0,0,10/20/2017
calis-beach.co.uk,14,12072135,3,0,3,0,3/5/2017
prolink-directory.com,14,12131233,8,0,9,0,3/2/2017
layoutshere.com,14,12220004,19,0,19,0,3/10/2018
peteradz.com,14,12289095,1,0,1,0,12/24/2017
scottiescanvas.com,14,12345927,3,0,3,0,2/27/2017
seeingmeproject.com,14,12398215,1,0,0,0,4/28/2017
bigdudesramblings.blogspot.com,14,12426123,1,0,0,0,4/4/2018
refqh.com,14,12491052,4,0,4,0,3/18/2018
target-directory.com,14,12518643,6,0,6,0,3/5/2017
drewdalyonline.com,14,12541147,2,0,2,0,4/3/2018
mansimian.com,14,12587365,5,0,5,0,3/28/2018
researchstudycenter.com,14,12691047,1,0,1,0,2/12/2018
strongseal.org,14,12716841,1,0,1,0,10/1/2017
opposablethumbsblog.com,14,12723081,4,0,0,0,11/16/2017
baostat.com,13,12836165,1,0,0,0,1/24/2018
cvjeans.com,13,12858612,44,0.01,0,0,7/5/2017
au-e.com,13,12868733,1,0,0,0,2/26/2018
rankank.com,13,12911335,1,0,0,0,6/9/2017
justwanderlustblog.com,13,12928974,2,0,0,0,10/25/2017
rabaskadesign.com,13,12958335,2,0,2,0,1/8/2018
idyliq.com,13,13021703,16,0,0,0,7/28/2017
silverspringdailyphoto.com,13,13046974,4,0,4,0,11/21/2017
jamirotalk.net,13,13183904,3,0,3,0,3/3/2017
ducphongphat.com,13,13194318,2,0,2,0,3/24/2018
linkedbd.com,13,13215156,2,0,0,0,3/24/2018
ajnnews.com,13,13487121,1,0,1,0,1/30/2018
travelbugjuice.com,13,13491106,19,0,0,0,10/8/2017
mapliv.net,13,13643254,2,0,2,0,2/7/2018
zenome.com,13,13678211,2,0,2,0,3/1/2017
voyanceannuaire.me,12,13788172,1,0,0,0,4/2/2018
kulturpumpe.de,12,13923281,1,0,1,0,3/18/2018
prairiesmokepress.com,12,13979834,5,0,5,0,3/27/2018
triphints.ru,12,13977024,12,0,12,0,2/27/2017
imperatortravel.com,12,13986106,1,0,0,0,11/3/2017
berlincheesecake.blogspot.com,12,14008765,1,0,0,0,3/15/2018
yesserie.com,12,14186556,86,0.01,86,0.02,2/28/2017
onzinearticles.com,12,14318722,9,0,8,0,2/28/2017
ebay-dir.com,12,14470119,6,0,6,0,3/3/2017
galloparoundtheglobe.com,12,14490953,2,0,0,0,7/6/2017
alexishowick.com,12,14492938,2,0,2,0,3/25/2018
quickapprovaldirectory.com,12,14527634,1,0,1,0,6/25/2017
short-concepts.com,12,14613818,1,0,0,0,11/20/2017
igewatch.info,12,14612899,2,0,2,0,11/13/2017
gushisde.com,11,14790274,4,0,4,0,2/15/2018
mcn2.com,11,14793378,7,0,7,0,3/10/2018
thewandererschroniclestravelblog.blogspot.com,11,14981502,3,0,0,0,3/20/2018
nertsffd.com,11,15138566,1,0,1,0,9/23/2017
indiapac.org,11,15446463,5,0,5,0,12/13/2017
facetag.org,11,15460879,2,0,2,0,8/8/2017
holidaybays.com,11,15520182,2,0,2,0,2/28/2017
yiyangnhy.com,11,15684991,5,0,5,0,4/28/2017
armeniabirding.info,11,15705108,4,0,4,0,12/14/2017
nexttrip.my,11,15705307,1,0,1,0,2/28/2017
dessertcomesfirst.blogspot.com,11,15768122,1,0,0,0,4/3/2018
maqme.com,11,15819221,2,0,2,0,3/24/2018
hezuolik.com,11,15911263,4,0,4,0,12/2/2017
ceper.pl,10,16079305,1,0,1,0,2/8/2018
enchantedhoneymoons.com,10,16109505,1,0,0,0,7/29/2017
directionofourdreams.blogspot.com,10,16479202,2,0,0,0,3/29/2018
onlinepaydayloanswwq.com,10,16568615,7,0,7,0,2/5/2018
agirlandherpassport.com,10,16640915,1,0,0,0,1/29/2018
brockandtanj.com,10,16646310,2,0,0,0,11/6/2017
mylifeuntethered.com,10,16682214,3,0,0,0,7/16/2017
classicplaces.org,10,16712089,6,0,6,0,3/22/2018
dewelldesigns.blogspot.com,10,16807022,4,0,0,0,7/31/2017
wypadki24.info,10,16909893,4,0,4,0,3/4/2018
trailerland.info,10,17068398,1,0,1,0,12/14/2017
inklebook.net,10,17140445,12,0,12,0,3/3/2017
spletarna.net,10,17194088,1,0,0,0,1/11/2018
maximumspaces.com,10,17213448,6,0,6,0,2/18/2018
voxadelphia.com,10,17266346,2,0,2,0,3/28/2018
rentalcars24h.fr,9,17488361,116834,17,94986,18,3/1/2017
planetearthdailyphoto.blogspot.com,9,17568631,1,0,0,0,4/4/2018
rentalcars24h.it,9,17587602,97708,14,83448,15,3/5/2017
fiverdesign.co.uk,9,17708249,1,0,1,0,6/2/2017
costaricatruth.com,9,17809021,5,0,5,0,1/13/2018
endlessdistances.com,9,17885775,2,0,0,0,11/27/2017
cardesk.info,9,18013981,5,0,5,0,1/10/2018
today-headlines.com,9,18095861,2,0,2,0,8/11/2017
thedesignio.com,9,18189184,1,0,1,0,3/12/2018
omanab.com,9,18506429,5,0,5,0,3/13/2018
step-en.com,9,18628625,10,0,10,0,3/27/2018
rantsandcraves.com,9,18731258,1,0,0,0,4/4/2018
wow-fire.ru,9,18737356,1,0,0,0,5/8/2017
chinanier.com,8,19103173,1,0,1,0,3/23/2018
mickipiperno.org,8,19194815,6,0,6,0,11/18/2017
cafechoo.com,8,19202270,1,0,1,0,5/12/2017
affiliate-strategy.info,8,19298541,1,0,1,0,4/4/2018
jangbei.com,8,19520478,5,0,5,0,3/8/2018
cokoer.com,8,19596589,2,0,2,0,3/1/2018
wustcar.com,8,19747188,6,0,6,0,5/2/2017
emergingworld.org,8,19757393,5,0,5,0,3/5/2017
colorpixel.us,8,19846084,1,0,1,0,4/3/2018
list-of-domains.org,8,19910563,8,0,8,0,3/4/2017
lgexoticauto.com,8,19924492,2,0,2,0,2/26/2017
eagerjourneys.com,8,20561003,1,0,0,0,9/8/2017
ask2world.com,7,20876568,3,0,3,0,2/28/2017
750ml.blogspot.com,7,20923827,11,0,0,0,3/7/2018
neurac.org,7,21009866,3,0,3,0,3/30/2018
fallfordiscovery.com,7,21219641,1,0,1,0,8/12/2017
taipeipackage.com,7,21309552,1,0,1,0,2/4/2018
guest-travel-writers.com,7,21359750,1,0,0,0,3/11/2018
imagefreehd.com,7,21430770,1,0,1,0,3/2/2017
mrmag.org,7,21495424,2,0,2,0,3/28/2018
mycong.com,7,21575850,2,0,2,0,12/22/2017
bis-project.eu,7,21918861,4,0,4,0,6/17/2017
cafedocbao.com,7,22068032,1,0,0,0,2/8/2018
dsldequine.info,7,22071180,1,0,1,0,4/1/2018
linkddl.com,7,22388569,1,0,0,0,12/30/2017
memoriesandmayhemblog.com,7,22403803,1,0,0,0,3/7/2018
londonsecrethotels.com,7,22424720,1,0,1,0,4/1/2018
walremal.com,7,22736459,1,0,0,0,11/8/2017
indonesia-tourism.net,6,22900234,1,0,0,0,3/11/2018
tour-bc.net,6,22973959,2,0,2,0,3/19/2018
maizii.com,6,23118284,5,0,0,0,2/6/2018
get-free-coupons-now.com,6,23162799,2,0,0,0,12/16/2017
scarletjonestravels.com,6,23213530,1,0,0,0,7/13/2017
zealsion.com,6,23429648,3,0,3,0,2/23/2018
tripsthatwork.com,6,23441633,4,0,0,0,7/31/2017
nayouquan.com,6,23651858,2,0,2,0,4/3/2018
travelrental.us,6,23784180,1,0,1,0,3/11/2018
oakleyglassesonline.us,6,23826232,1,0,1,0,2/6/2018
oohub.com,6,23831970,3,0,3,0,1/18/2018
diariopernondimenticare.blogspot.com,6,24021197,6,0,6,0,12/29/2017
ffc-egypt.com,6,24037599,2,0,2,0,2/3/2018
rentalcars24h.ru,6,24112318,86858,12,75422,14,2/28/2017
cinexcepcion.com,6,24581529,1,0,1,0,3/1/2018
createwowmedia.com,6,24771346,1,0,1,0,9/4/2017
sqwosh.com,6,24801956,2,0,2,0,3/1/2017
xshare.us,6,24947735,1,0,1,0,11/16/2017
ichinii.org,6,25080071,4,0,4,0,8/27/2017
xnuos.com,6,25105721,2,0,2,0,3/21/2018
bezva.info,6,25271709,1,0,1,0,2/25/2018
flagate.net,6,25274314,2,0,2,0,3/3/2017
bobnsophie.blogspot.com,6,25324774,1,0,0,0,3/30/2018
ujspaceainfo.com,5,25585892,61,0.01,61,0.01,6/17/2017
mannahatta.us,5,25685250,2,0,2,0,11/17/2017
wazzzup.nl,5,25811643,1,0,0,0,2/26/2017
listfave.com,5,25924970,2,0,2,0,3/18/2018
mills-travels.blogspot.com,5,25956972,2,0,0,0,3/28/2018
camdenwildcatfootball.info,5,26203322,2,0,2,0,1/30/2018
fourforce.us,5,26313875,2,0,2,0,12/11/2017
lovinourlife3d.blogspot.com,5,26586342,1,0,0,0,3/21/2018
lifesgreatadventures.com,5,26607252,1,0,1,0,7/15/2017
goodtosee.com,5,26609994,14,0,0,0,2/28/2017
coffee-read.com,5,26835823,6,0,6,0,2/20/2018
pesmaximum.com,5,26922986,2,0,2,0,3/31/2018
boldlygosolo.com,5,27106294,1,0,0,0,3/23/2018
takcop.com,5,27447840,2,0,2,0,12/21/2017
mydearhome.com,5,27639317,3,0,3,0,2/28/2017
pandelicious.com,5,27997234,9,0,0,0,10/8/2017
rbabuilders.co.uk,5,28162806,2,0,2,0,9/6/2017
freetrialcc.com,5,28378190,2,0,2,0,2/3/2018
hkubest.com,5,28536793,1,0,0,0,2/23/2018
highheelpoodl.blogspot.com,4,28628353,1,0,0,0,4/1/2018
canariasetourism.net,4,28830912,2,0,2,0,4/2/2018
ctmdesign.ca,4,28996797,1,0,0,0,7/7/2017
feifangirl.com,4,29345199,9,0,9,0,1/14/2018
qinkuy.com,4,29393207,5,0,5,0,3/2/2017
followmeeast.com,4,29498747,2,0,0,0,8/1/2017
digitalstat.ru,4,29508150,4,0,4,0,1/7/2018
memoriesofthepacific.com,4,29673261,1,0,0,0,3/30/2018
billstrickland.info,4,29843266,1,0,1,0,11/18/2017
mobilen-bg.com,4,29948025,3,0,3,0,5/8/2017
skdsports.com,4,30233707,2,0,2,0,2/2/2018
westafricacommerce.com,4,30378863,4,0,4,0,2/26/2017
seasonic-europe.com,4,30415288,2,0,2,0,3/15/2018
lovedandwanderlust.com,4,30627513,4,0,0,0,2/3/2018
travelmeguide.com,4,30630726,3,0,0,0,11/28/2017
fozocske.info,4,30886015,8,0,8,0,3/17/2018
havaha.net,4,31243774,12,0,12,0,3/2/2017
decalee.com,4,31447146,3,0,3,0,3/15/2018
billybobsplace.blogspot.com,4,31624283,1,0,0,0,3/28/2018
mllbz.com,4,31729556,2,0,2,0,4/1/2018
showtimeok.com,4,31765475,5,0,5,0,1/18/2018
diskxpress.com,4,31858137,2,0,2,0,2/5/2018
yotekai.com,4,31876362,13,0,0,0,1/26/2018
liztourism.com,4,32030854,3,0,3,0,3/11/2018
search-il.com,4,32452220,3,0,3,0,2/28/2017
epagesite.com,3,32760211,1,0,0,0,3/30/2018
alf-img2.com,3,32900921,2,0,2,0,6/3/2017
qihow.com,3,33109049,1,0,0,0,2/28/2017
nlide.com,3,33218474,1,0,0,0,1/3/2018
stacked.us,3,33713785,1,0,1,0,3/17/2018
onliner.us,3,34015788,19,0,0,0,3/9/2018
steemwiki.info,3,34406857,1,0,1,0,12/21/2017
wanderersbutnotlost.com,3,34565741,1,0,0,0,9/4/2017
007trave.com,3,34722259,3,0,0,0,3/10/2018
whatsnewell.blogspot.com,3,34743598,1,0,0,0,3/31/2018
rss-lenta.com,3,35078995,103,0.01,0,0,2/27/2017
travelingwithacamera.com,3,35350751,1,0,0,0,8/15/2017
taipei-infos.com,3,35542865,1,0,1,0,12/15/2017
scriptoeris.co.uk,3,35590982,1,0,0,0,6/9/2017
wickedmind.net,3,35825041,1,0,1,0,9/3/2017
scenicmissouri.us,3,35955113,1,0,1,0,1/11/2018
bbmotorsports.us,3,36158332,2,0,2,0,1/1/2018
sindesc.com,3,36163597,2,0,2,0,2/21/2018
mobileappsnow.us,3,36353447,16,0,16,0,12/15/2017
meanwhileunme.com,3,36412953,5,0,0,0,2/22/2018
regionalinform.com,3,37127457,11,0,10,0,6/3/2017
justfinding.blogspot.com,3,37296514,1,0,0,0,4/1/2018
bombasse.biz,3,37398220,1,0,1,0,2/8/2018
travelthroughhistory.blogspot.com,3,37520967,1,0,0,0,4/2/2018
alledition.com,2,37849702,12,0,0,0,2/28/2017
bessieknowsbest.co.uk,2,38849913,26,0,26,0,2/1/2018
san-miguelito-infos.com,2,39024048,1,0,1,0,8/27/2017
statgaga.com,2,39431787,1,0,0,0,12/20/2017
autismawarenesshawaii.blogspot.com,2,39555255,1,0,0,0,3/26/2018
flipflopfloozie.blogspot.com,2,40088457,1,0,0,0,3/25/2018
terrafootwear.us,2,40281722,1,0,1,0,1/28/2018
7toursbd.com,2,40290138,3,0,0,0,1/20/2018
calstaterealty.us,2,40676010,1,0,1,0,1/6/2018
wapfun.us,2,40731181,1,0,1,0,3/23/2018
acrpe.com,2,40734580,6,0,0,0,2/27/2017
cablecar.us,2,41195006,1,0,1,0,1/31/2018
financeloan.us,2,41228416,1,0,1,0,1/28/2018
caravaningcamping.org,2,42076966,2,0,2,0,5/18/2017
patsyischillin.blogspot.com,2,42398967,1,0,0,0,4/3/2018
sitefiyatlari.com,2,42504363,1,0,1,0,3/15/2018
namendb.com,2,42817751,1,0,0,0,7/2/2017
digital-s.info,2,42836114,6,0,6,0,11/9/2017
onmogul.herokuapp.com,2,42934788,1,0,0,0,3/5/2018
health-support.us,2,43541390,2,0,2,0,12/26/2017
malingao-infos.com,2,43667867,1,0,1,0,12/17/2017
750ml.blogspot.fr,2,43755604,6,0,0,0,3/28/2018
travelwithmrst.weebly.com,2,44019999,1,0,0,0,1/29/2018
reshone.com,2,44893674,8,0,0,0,3/3/2017
metaldetectingandotherstuffidig.us,2,45046348,1,0,0,0,4/4/2018
italyandson.com,1,45268257,112,0.02,0,0,2/3/2018
travelbuzzpro.com,1,45409458,4,0,4,0,3/29/2018
thecoolimages.net,1,45419668,1,0,1,0,3/31/2018
carspart.net,1,45903403,2,0,2,0,8/24/2017
game-hay.us,1,46105304,2,0,2,0,3/29/2018
radost.us,1,46183730,8,0,8,0,3/6/2017
freegood.info,1,46259677,1,0,1,0,3/23/2018
missadventuretravels.blogspot.com,1,46716110,2,0,0,0,3/19/2018
imagecollectiononline.com,1,47614906,4,0,4,0,3/2/2017
lifelonglearner.us,1,48260139,2,0,2,0,1/2/2018
batdongsan.us,1,48427678,2,0,2,0,3/5/2018
interalex.net,1,48869369,1,0,1,0,3/16/2018
tmbkpk.us,1,49566609,10,0,10,0,2/2/2018
laux.us,1,51688806,1,0,1,0,3/27/2018
ibadan-infos.com,1,51908905,1,0,1,0,12/27/2017
cwallpapersgallery.blogspot.com,1,52126040,1,0,1,0,3/20/2018
keywordsfind.com,1,52672623,2,0,0,0,11/26/2017
billandjanrvingtheusa.blogspot.com,1,53323212,2,0,0,0,12/31/2017
ffsconsult.me,1,53584318,1,0,1,0,3/4/2018
markered.info,1,53704193,5,0,5,0,11/7/2017
fidofindit.com,1,53725645,3,0,0,0,3/4/2017
prosac.us,1,53761774,1,0,1,0,2/10/2018
greenstartravel.co.uk,1,53879450,1,0,0,0,12/3/2017
travelingreporter.com,1,54829119,4,0,0,0,6/3/2017
danmacs.blogspot.com,1,55493237,3,0,0,0,2/1/2018
myfishtanks.info,1,55909286,1,0,1,0,4/2/2018
cnbd.net,1,56269690,3,0,0,0,2/10/2018
lifeswanderlust.com,0,57594276,2,0,0,0,10/27/2017
justindoesblog.com,0,58032007,1,0,0,0,2/19/2018
thegoodguide.com,0,58546926,2,0,2,0,3/3/2017
souhou.info,0,58800832,1,0,1,0,3/15/2018
ydlxl.net,0,59466966,4,0,4,0,11/21/2017
catvills.com,0,60834405,1,0,0,0,10/29/2017
divinedirections.us,0,61083005,3,0,3,0,1/20/2018
cmolink.com,0,61477332,3,0,0,0,2/26/2018
whitealmond-privatesicily.blogspot.com,0,61698664,1,0,0,0,3/23/2018
easyvaluedomain.com,0,61746211,2,0,0,0,3/28/2018
yyakilith.info,0,61833930,1,0,1,0,2/8/2018
winterindesert.blogspot.com,0,61883682,2,0,0,0,8/11/2017
trovapagine.info,0,62065481,3,0,3,0,1/1/2018
drn-images.de,0,62554982,3,0,0,0,2/15/2018
fleurageneve.blogspot.com,0,63449317,3,0,0,0,3/5/2018
actionsportsadvertising.com,0,63808707,2,0,2,0,2/8/2018
keywordfree.com,0,64488208,2,0,0,0,11/15/2017
ambertalk.info,0,65653758,8,0,8,0,12/22/2017
infoagency.net,0,65972006,1,0,0,0,3/12/2018
digitalseomarketing.net,0,66595958,1,0,1,0,2/5/2018
theadventureronashoestring.blogspot.com,0,66774923,3,0,0,0,3/30/2018
bitcoindice.directory,0,66789686,1,0,0,0,3/8/2018
keywordtown.com,0,67261146,2,0,0,0,12/8/2017
successmanual.us,0,67541979,1,0,0,0,3/28/2018
link01directory.com,0,67861904,5,0,1,0,2/26/2017
smartmoneys.us,0,67914995,1,0,1,0,4/3/2018
seotoolnet.com,0,68086652,1,0,0,0,12/12/2017
ccuknews.com,0,68615880,1,0,1,0,3/27/2018
marincoastguide.com,0,68789483,1,0,1,0,2/9/2018
alpinedirectory.com,0,69739629,1,0,1,0,7/27/2017
underfunny.biz,0,70673457,4,0,0,0,3/25/2018
yesyoucantravel.blogspot.com,0,70728781,1,0,0,0,3/20/2018
wholepost.com,0,70764081,1,0,1,0,2/5/2018
aplacecalledaway.blogspot.com,0,71470000,2,0,0,0,3/29/2018
thepiecebypiecestyle.com,0,71574359,2,0,0,0,3/17/2018
lingua-online.com,0,71692786,2,0,0,0,2/26/2017
travelinter.net,0,71782807,1,0,1,0,12/10/2017
freeseoservice.net,0,71936384,1,0,1,0,2/5/2018
oprint.ru,0,74150385,2,0,2,0,7/23/2017
free-gamedl.us,0,74477747,1,0,1,0,3/24/2018
parttimewithjandl.blogspot.com,0,75757239,1,0,0,0,3/4/2018
cathypowell.com,0,76215075,1,0,0,0,11/19/2017
wordscat.com,0,76403908,2,0,0,0,11/25/2017
termstool.com,0,76936898,31,0,0,0,11/14/2017
saws-store.info,0,77068220,4,0,4,0,12/1/2017
hide-o-the-nauga.blogspot.com,0,81586128,1,0,0,0,4/3/2018
jordandamico.com,0,86095464,1,0,0,0,12/13/2017
frasesdeamor.us,0,87736264,3,0,3,0,12/7/2017
healthinsurancecare.net,0,88517304,1,0,0,0,3/31/2018
cwallpapersbackground.blogspot.com,0,89492733,1,0,1,0,3/21/2018
vinnirai.info,0,90663892,4,0,4,0,12/6/2017
h2r5gsxr.blogspot.com,0,91401906,2,0,0,0,3/30/2018
ediebrickell.info,0,91885327,2,0,2,0,4/1/2018
essayforcustom.us,0,92528063,1,0,1,0,12/29/2017
mcdonaldhomesteadhappenings.blogspot.com,0,93494533,1,0,0,0,3/29/2018
autoweek.us,0,94924564,1,0,1,0,1/6/2018
go-travel-tips.com,0,97563698,1,0,1,0,11/7/2017
lexcon.com.mx,0,98580809,3,0,2,0,12/15/2017
draccs.com,0,99926119,3,0,3,0,11/12/2017
5dollarsite.com,0,100000000,1,0,0,0,3/24/2018
propr.info,0,101000000,1,0,1,0,3/31/2018
discountcodes2018.com,0,101000000,1,0,1,0,4/2/2018
kolayparakazanmayollari.us,0,102000000,2,0,2,0,2/18/2018
jagalskarlondon.blogspot.com,0,102000000,3,0,3,0,3/24/2018
atlanticmoon.us,0,102000000,3,0,3,0,12/9/2017
dant-doha.com,0,105000000,5,0,5,0,8/23/2017
mrsilva.us,0,107000000,1,0,1,0,3/28/2018
partsdirectforyou.com,0,109000000,6,0,6,0,3/2/2017
spdacademy.us,0,113000000,1,0,1,0,2/24/2018
dovcc.com,0,113000000,1,0,0,0,3/5/2018
sesea.info,0,114000000,11,0,11,0,2/24/2018
rentalcars24h.es,0,116000000,180985,26,133185,25,3/1/2017
richhilts.blogspot.com,0,116000000,1,0,0,0,3/26/2018
usedcargalaxy.com,0,117000000,3,0,3,0,7/23/2017
mondelicieuxvie.blogspot.com,0,119000000,2,0,0,0,3/17/2018
neilinbahrain.blogspot.com,0,126000000,1,0,0,0,3/30/2018
pukul.net,0,126000000,15,0,15,0,3/26/2018
ip-address-location.com,0,127000000,1,0,0,0,3/20/2018
findcarbeauty.com,0,128000000,19,0,19,0,2/27/2017
4myspace.com,0,132000000,3,0,3,0,1/26/2018
njdot.us,0,132000000,17,0,17,0,1/26/2018
hguhf.co,0,133000000,1,0,1,0,9/2/2017
rentalcars24h.de,0,136000000,202219,29,147679,27,3/5/2017
loveyou.tips,0,143000000,1,0,1,0,2/22/2018
steelrooftrusseszuretatsu.blogspot.com,0,153000000,1,0,1,0,3/29/2018
cantech.xyz,0,155000000,3,0,3,0,4/4/2018
foofaq.com,0,170000000,1,0,1,0,1/27/2018
yuuzaburou.com,0,162000000,2,0,2,0,2/28/2017
vehicleinsurance.site,0,164000000,2,0,2,0,2/26/2017
car-to-rent.blogspot.com,0,,1,0,1,0,3/1/2018
connorfwcox.blogspot.com,0,,1,0,0,0,3/6/2018
luxurycarmoshimei.blogspot.com,0,,6,0,6,0,3/29/2018
luxurycarsradzukei.blogspot.com,0,,2,0,2,0,3/25/2018
opensourceticketsystemmikatai.blogspot.com,0,,7,0,7,0,1/27/2018
opensourceticketsystemzankishi.blogspot.com,0,,7,0,7,0,1/29/2018
taichidenverruinae.blogspot.com,0,,2,0,2,0,1/8/2018
travelaerosport.blogspot.com,0,,2,0,0,0,3/14/2018
oyunzoo.com,0,,2,0,2,0,11/26/2017
750ml.blogspot.in,0,,4,0,0,0,3/20/2018
750ml.blogspot.nl,0,,2,0,0,0,3/27/2018
curtishsu.idv.tw,0,,1,0,1,0,5/13/2017
750ml.blogspot.co.uk,0,,5,0,0,0,3/28/2018
stickydate.blogspot.co.uk,0,,1,0,0,0,3/30/2018
flotsam.us,0,,12,0,12,0,3/5/2018
kevinnegrete.us,0,,1,0,1,0,9/7/2017
